ID,Sessao,Hora do Evento,Fase,Nivel,Posicao jogador,Posicao Evento,Tipo de Evento
0,1,15:06:46,1,1,1,2,Criou Alvo
1,1,15:06:50,1,1,2,1,Trocou de Pista
2,1,15:06:51,1,1,1,2,Trocou de Pista
3,1,15:06:52,1,1,0,1,Trocou de Pista
4,1,15:06:53,1,1,-1,0,Saiu da area do jogo
5,1,15:10:59,1,1,1,2,Criou Alvo
6,1,15:11:00,1,1,0,1,Trocou de Pista
7,1,15:11:01,1,1,1,0,Trocou de Pista
8,1,15:11:02,1,1,0,1,Trocou de Pista
9,1,15:11:03,1,1,-1,0,Saiu da area do jogo
10,1,15:18:02,1,1,1,0,Criou Alvo
11,1,15:18:05,1,1,0,1,Trocou de Pista
12,1,15:18:05,1,1,-1,0,Saiu da area do jogo
13,1,15:30:11,1,1,1,0,Criou Alvo
14,1,15:30:11,1,1,0,1,Trocou de Pista
15,1,15:30:13,1,1,1,0,Trocou de Pista
16,1,15:30:13,1,1,2,1,Trocou de Pista
17,1,15:30:13,1,1,1,2,Trocou de Pista
18,1,15:30:14,1,1,0,1,Trocou de Pista
19,1,15:30:15,1,1,1,0,Trocou de Pista
20,1,15:30:15,1,1,2,1,Trocou de Pista
21,1,15:30:16,1,1,1,2,Trocou de Pista
22,1,15:30:17,1,1,0,1,Trocou de Pista
23,1,15:30:18,1,1,-1,0,Saiu da area do jogo
24,1,15:32:52,1,1,1,0,Criou Alvo
25,1,15:32:52,1,1,0,1,Trocou de Pista
26,1,15:32:53,1,1,1,0,Trocou de Pista
27,1,15:32:54,1,1,2,1,Trocou de Pista
28,1,15:32:55,1,1,1,2,Trocou de Pista
29,1,15:32:55,1,1,0,1,Trocou de Pista
30,1,15:32:56,1,1,-1,0,Saiu da area do jogo
31,1,15:35:15,1,1,1,1,Criou Alvo
32,1,15:35:19,1,1,0,1,Trocou de Pista
33,1,15:35:20,1,1,-1,0,Saiu da area do jogo
34,1,15:38:07,1,1,1,1,Criou Alvo
35,1,15:38:08,1,1,0,1,Trocou de Pista
36,1,15:38:09,1,1,-1,0,Saiu da area do jogo
37,1,15:45:15,1,1,1,1,Criou Alvo
38,1,15:45:15,1,1,0,1,Trocou de Pista
39,1,15:45:16,1,1,1,0,Trocou de Pista
40,1,15:45:17,1,1,0,1,Trocou de Pista
41,1,15:45:18,1,1,-1,0,Saiu da area do jogo
42,1,15:45:19,1,1,1,0,Trocou de Pista
43,1,15:45:20,1,1,0,1,Trocou de Pista
44,1,15:45:21,1,1,1,0,Trocou de Pista
45,1,15:45:21,1,1,0,1,Trocou de Pista
46,1,15:45:22,1,1,1,0,Trocou de Pista
47,1,15:45:22,1,1,2,1,Trocou de Pista
48,1,15:45:22,1,1,1,2,Trocou de Pista
49,1,15:45:23,1,1,0,1,Trocou de Pista
50,1,15:45:23,1,1,0,0,Criou Alvo
51,1,15:45:23,1,1,1,0,Trocou de Pista
52,1,15:45:24,1,1,0,1,Trocou de Pista
53,1,15:45:24,1,1,1,0,Trocou de Pista
54,1,15:45:25,1,1,2,1,Trocou de Pista
55,1,15:45:25,1,1,1,2,Trocou de Pista
56,1,15:45:25,1,1,0,1,Trocou de Pista
57,1,15:45:26,1,1,1,0,Trocou de Pista
58,1,15:45:26,1,1,2,1,Trocou de Pista
59,1,15:45:27,1,1,1,2,Trocou de Pista
60,1,15:45:27,1,1,0,1,Trocou de Pista
61,1,15:45:27,1,1,-1,0,Saiu da area do jogo
62,1,15:45:30,1,1,1,0,Trocou de Pista
63,1,15:45:30,1,1,2,1,Trocou de Pista
64,1,15:45:30,1,1,1,2,Trocou de Pista
65,1,15:45:30,1,1,0,1,Trocou de Pista
66,1,15:45:31,1,1,1,0,Trocou de Pista
67,1,15:45:31,1,1,2,1,Trocou de Pista
68,1,15:45:31,1,1,2,1,Criou Alvo
69,1,15:45:31,1,1,1,2,Trocou de Pista
70,1,15:45:32,1,1,0,1,Trocou de Pista
71,1,15:45:32,1,1,1,0,Trocou de Pista
72,1,15:45:32,1,1,2,1,Trocou de Pista
73,1,15:45:33,1,1,1,2,Trocou de Pista
74,1,15:45:33,1,1,0,1,Trocou de Pista
75,1,15:45:33,1,1,-1,0,Saiu da area do jogo
76,1,15:45:34,1,1,1,0,Trocou de Pista
77,1,15:45:34,1,1,1,1,Colidiu com Alvo
78,1,15:45:39,1,1,1,2,Criou Alvo
79,1,15:45:41,1,1,0,1,Trocou de Pista
80,1,15:45:41,1,1,1,0,Colidiu com Alvo
81,1,15:45:42,1,1,1,0,Trocou de Pista
82,1,15:45:47,1,1,1,1,Criou Alvo
83,1,15:45:48,1,1,1,1,Colidiu com Alvo
84,1,15:45:48,1,1,1,1,Controle UFE: Desabilita HUD
85,1,15:45:52,1,1,1,1,Controle UFE: Habilita HUD
86,1,15:45:54,1,1,2,1,Trocou de Pista
87,1,15:45:55,1,1,1,2,Colidiu com Alvo
88,1,15:45:55,1,1,2,0,Criou Alvo
89,1,15:45:56,1,1,1,2,Trocou de Pista
90,1,15:47:48,1,1,1,0,Criou Alvo
91,1,15:47:51,1,1,0,1,Trocou de Pista
92,1,15:47:52,1,1,1,0,Trocou de Pista
93,1,15:47:56,1,1,1,1,Criou Alvo
94,1,15:47:56,1,1,0,1,Trocou de Pista
95,1,15:47:56,1,1,-1,0,Saiu da area do jogo
96,1,15:48:00,1,1,1,0,Trocou de Pista
97,1,15:48:03,1,1,0,1,Trocou de Pista
98,1,15:48:04,1,1,0,0,Criou Alvo
99,1,15:48:05,1,1,1,0,Colidiu com Alvo
100,1,15:48:05,1,1,1,1,Controle UFE: Desabilita Som
101,1,15:48:06,1,1,1,1,Controle UFE: Habilita Som
102,1,15:48:06,1,1,1,1,Controle UFE: Desabilita Som
103,1,15:48:06,1,1,1,1,Controle UFE: Habilita Som
104,1,15:48:07,1,1,1,1,Controle UFE: Desabilita Som
105,1,15:48:08,1,1,1,0,Trocou de Pista
106,1,15:48:12,1,1,1,1,Criou Alvo
107,1,15:48:13,1,1,1,1,Colidiu com Alvo
108,1,15:48:14,1,1,1,1,Controle UFE: Habilita Som
109,1,15:48:16,1,1,0,1,Trocou de Pista
110,1,15:48:19,1,1,1,0,Colidiu com Alvo
111,1,15:48:20,1,1,0,2,Criou Alvo
112,1,15:48:20,1,1,1,0,Trocou de Pista
113,1,15:54:46,1,1,1,0,Criou Alvo
114,1,15:54:46,1,1,0,1,Trocou de Pista
115,1,15:54:46,1,1,1,0,Trocou de Pista
116,1,15:54:46,1,1,0,1,Trocou de Pista
117,1,15:54:48,1,1,1,0,Trocou de Pista
118,1,15:54:54,1,1,1,1,Criou Alvo
119,1,15:54:59,1,1,0,1,Trocou de Pista
120,1,15:55:01,1,1,1,0,Colidiu com Alvo
121,1,15:55:02,1,1,0,0,Criou Alvo
122,1,15:55:04,1,1,1,0,Trocou de Pista
123,1,15:55:09,1,1,1,1,Colidiu com Alvo
124,1,15:55:10,1,1,1,1,Criou Alvo
125,1,15:55:10,1,1,0,1,Trocou de Pista
126,1,15:55:11,1,1,-1,0,Saiu da area do jogo
127,1,15:55:18,1,1,0,0,Criou Alvo
128,1,15:55:21,1,1,1,0,Colidiu com Alvo
129,1,15:56:18,1,1,1,2,Criou Alvo
130,1,15:56:18,1,1,0,1,Trocou de Pista
131,1,15:56:19,1,1,1,0,Trocou de Pista
132,1,15:56:19,1,1,0,1,Trocou de Pista
133,1,15:56:20,1,1,1,0,Trocou de Pista
134,1,15:56:22,1,1,1,1,Controle UFE: Desabilita Som
135,1,15:56:23,1,1,2,1,Trocou de Pista
136,1,15:56:26,1,1,2,1,Criou Alvo
137,1,15:56:33,1,1,1,2,Colidiu com Alvo
138,1,15:56:34,1,1,2,2,Criou Alvo
139,1,15:56:35,1,1,1,1,Controle UFE: Habilita Som
140,1,15:56:36,1,1,1,2,Trocou de Pista
141,1,15:56:42,1,1,1,1,Colidiu com Alvo
142,1,15:56:43,1,1,1,1,Criou Alvo
143,1,16:41:09,1,1,1,2,Criou Alvo
144,1,16:41:17,1,1,1,1,Criou Alvo
145,1,16:41:25,1,1,1,2,Criou Alvo
146,1,16:41:26,1,1,2,1,Trocou de Pista
147,1,16:41:28,1,1,1,2,Colidiu com Alvo
148,1,16:41:29,1,1,1,2,Trocou de Pista
149,1,16:41:33,1,1,1,1,Criou Alvo
150,1,16:41:36,1,1,1,1,Colidiu com Alvo
151,1,16:41:41,1,1,1,0,Criou Alvo
152,1,16:41:44,1,1,1,2,Desviou de Alvo
153,1,16:41:47,1,1,0,1,Trocou de Pista
154,1,16:41:48,1,1,1,0,Trocou de Pista
155,1,16:41:49,1,1,0,1,Trocou de Pista
156,1,16:41:49,1,1,0,1,Criou Alvo
157,1,16:41:50,1,1,-1,0,Saiu da area do jogo
158,1,16:41:56,1,1,1,0,Trocou de Pista
159,1,16:41:58,1,1,1,2,Criou Alvo
160,1,16:41:58,1,1,1,1,Colidiu com Alvo
161,1,16:42:02,1,1,1,1,Controle UFE: Desabilita HUD
162,1,16:42:05,1,1,0,1,Trocou de Pista
163,1,16:42:06,1,1,0,1,Criou Alvo
164,1,16:42:06,1,1,1,0,Colidiu com Alvo
165,1,16:42:07,1,1,1,0,Trocou de Pista
166,1,16:42:08,1,1,1,1,Controle UFE: Desabilita Som
167,1,16:42:14,1,1,1,1,Colidiu com Alvo
168,1,16:42:15,1,1,1,1,Controle Jogo: Permanece Nivel
169,1,16:42:52,1,1,1,2,Criou Alvo
170,1,16:42:57,1,1,1,1,Controle UFE: Habilita HUD
171,1,16:43:00,1,1,1,1,Criou Alvo
172,1,16:43:02,1,1,2,1,Trocou de Pista
173,1,16:43:03,1,1,1,2,Trocou de Pista
174,1,16:43:09,1,1,1,0,Criou Alvo
175,1,16:43:10,1,1,2,1,Trocou de Pista
176,1,16:43:11,1,1,1,2,Colidiu com Alvo
177,1,16:43:12,1,1,1,2,Trocou de Pista
178,1,16:43:17,1,1,1,1,Criou Alvo
179,1,16:43:18,1,1,1,1,Colidiu com Alvo
180,1,16:43:20,1,1,0,1,Trocou de Pista
181,1,16:43:22,1,1,1,1,Controle UFE: Habilita Som
182,1,16:43:25,1,1,0,2,Criou Alvo
183,1,16:43:27,1,1,1,0,Colidiu com Alvo
184,1,16:43:28,1,1,1,0,Trocou de Pista
185,1,16:43:33,1,1,1,1,Criou Alvo
186,1,16:43:35,1,1,1,1,Colidiu com Alvo
187,1,16:43:36,1,1,2,1,Trocou de Pista
188,1,16:43:38,1,1,1,2,Trocou de Pista
189,1,16:43:38,1,1,0,1,Trocou de Pista
190,1,16:43:39,1,1,1,0,Trocou de Pista
191,1,16:43:40,1,1,2,1,Trocou de Pista
192,1,16:43:41,1,1,2,2,Criou Alvo
193,1,16:43:41,1,1,1,2,Trocou de Pista
194,1,16:43:42,1,1,2,1,Trocou de Pista
195,1,16:43:43,1,1,1,2,Colidiu com Alvo
196,1,16:43:44,1,1,1,2,Trocou de Pista
197,1,16:43:51,1,1,1,1,Colidiu com Alvo
198,1,16:43:52,1,1,1,1,Controle Jogo: Avanca Nivel
199,2,16:44:53,1,2,1,2,Criou Alvo
200,1,17:12:48,1,6,1,0,Criou Alvo
201,1,17:12:49,1,6,2,1,Trocou de Pista
202,1,17:12:50,1,6,2,2,Criou Alvo
203,1,17:12:50,1,6,1,2,Trocou de Pista
204,1,17:12:51,1,6,0,1,Trocou de Pista
205,1,17:12:52,1,6,0,0,Criou Alvo
206,1,17:12:54,1,6,0,1,Criou Alvo
207,1,17:12:56,1,6,0,0,Criou Alvo
208,1,17:12:58,1,6,0,2,Criou Alvo
209,1,17:13:00,1,6,1,0,Desviou de Alvo
210,1,17:13:00,1,6,0,0,Criou Alvo
211,1,17:13:01,1,6,1,0,Trocou de Pista
212,1,17:13:01,1,6,2,1,Trocou de Pista
213,1,17:13:02,1,6,1,2,Desviou de Alvo
214,1,17:13:02,1,6,2,2,Criou Alvo
215,1,17:13:02,1,6,1,2,Trocou de Pista
216,1,17:13:03,1,6,0,1,Trocou de Pista
217,1,17:13:04,1,6,1,0,Desviou de Alvo
218,1,17:13:04,1,6,0,1,Criou Alvo
219,1,17:13:04,1,6,1,0,Trocou de Pista
220,1,17:13:06,1,6,1,1,Desviou de Alvo
221,1,17:13:06,1,6,1,0,Criou Alvo
222,1,17:13:07,1,6,2,1,Trocou de Pista
223,1,17:13:08,1,6,1,0,Desviou de Alvo
224,1,17:13:08,1,6,2,2,Criou Alvo
225,1,17:13:10,1,6,1,2,Desviou de Alvo
226,1,17:13:10,1,6,2,1,Criou Alvo
227,1,17:13:12,1,6,1,0,Desviou de Alvo
228,1,17:13:12,1,6,2,2,Criou Alvo
229,1,17:13:14,1,6,1,2,Desviou de Alvo
230,1,17:13:14,1,6,2,0,Criou Alvo
231,1,17:13:15,1,6,1,2,Trocou de Pista
232,1,17:13:16,1,6,1,1,Desviou de Alvo
233,1,17:13:16,1,6,1,1,Criou Alvo
234,1,17:13:18,1,6,1,0,Desviou de Alvo
235,1,17:13:18,1,6,1,2,Criou Alvo
236,1,17:13:20,1,6,1,2,Desviou de Alvo
237,1,17:13:20,1,6,1,0,Criou Alvo
238,1,17:13:22,1,6,1,1,Desviou de Alvo
239,1,17:13:22,1,6,1,1,Criou Alvo
240,1,17:13:24,1,6,1,2,Desviou de Alvo
241,1,17:13:24,1,6,1,2,Criou Alvo
242,1,17:13:26,1,6,1,0,Desviou de Alvo
243,1,17:13:26,1,6,1,1,Criou Alvo
244,1,17:13:26,1,6,1,1,Controle UFE: Desabilita Som
245,1,17:13:28,1,6,1,1,Desviou de Alvo
246,1,17:13:28,1,6,1,2,Criou Alvo
247,1,17:13:30,1,6,1,2,Desviou de Alvo
248,1,17:13:30,1,6,1,0,Criou Alvo
249,1,17:13:32,1,6,1,0,Desviou de Alvo
250,1,17:13:32,1,6,1,1,Criou Alvo
251,1,17:13:34,1,6,1,1,Desviou de Alvo
252,1,17:13:34,1,6,1,2,Criou Alvo
253,1,17:15:57,1,6,1,1,Criou Alvo
254,1,17:15:59,1,6,1,2,Criou Alvo
255,1,17:16:01,1,6,1,0,Criou Alvo
256,1,17:16:02,1,6,1,1,Colidiu com Alvo
257,1,17:16:03,1,6,1,2,Criou Alvo
258,1,17:16:04,1,6,2,1,Trocou de Pista
259,1,17:16:04,1,6,1,2,Colidiu com Alvo
260,1,17:16:05,1,6,2,1,Criou Alvo
261,1,17:16:05,1,6,1,2,Trocou de Pista
262,1,17:16:06,1,6,0,1,Trocou de Pista
263,1,17:16:06,1,6,1,0,Colidiu com Alvo
264,1,17:16:07,1,6,1,1,Controle UFE: Habilita Som
265,1,17:16:07,1,6,0,2,Criou Alvo
266,1,17:16:08,1,6,1,0,Trocou de Pista
267,1,17:16:08,1,6,2,1,Trocou de Pista
268,1,17:16:08,1,6,1,2,Colidiu com Alvo
269,1,17:16:09,1,6,2,0,Criou Alvo
270,1,17:16:10,1,6,1,2,Trocou de Pista
271,1,17:16:11,1,6,1,1,Colidiu com Alvo
272,1,17:16:11,1,6,1,1,Criou Alvo
273,1,17:16:11,1,6,2,1,Trocou de Pista
274,1,17:16:13,1,6,1,2,Colidiu com Alvo
275,1,17:16:13,1,6,2,2,Criou Alvo
276,1,17:16:13,1,6,1,2,Trocou de Pista
277,1,17:16:14,1,6,0,1,Trocou de Pista
278,1,17:16:15,1,6,1,0,Colidiu com Alvo
279,1,17:16:15,1,6,0,0,Criou Alvo
280,1,17:16:15,1,6,1,0,Trocou de Pista
281,1,17:16:17,1,6,1,1,Colidiu com Alvo
282,1,17:16:17,1,6,1,1,Criou Alvo
283,1,17:16:17,1,6,2,1,Trocou de Pista
284,1,17:16:19,1,6,1,2,Colidiu com Alvo
285,1,17:16:19,1,6,2,2,Criou Alvo
286,1,17:16:19,1,6,1,2,Trocou de Pista
287,1,17:16:21,1,6,0,1,Trocou de Pista
288,1,17:16:21,1,6,1,0,Colidiu com Alvo
289,1,17:16:21,1,6,0,0,Criou Alvo
290,1,17:16:21,1,6,1,0,Trocou de Pista
291,1,17:16:23,1,6,1,1,Colidiu com Alvo
292,1,17:16:23,1,6,1,1,Criou Alvo
293,1,17:16:25,1,6,1,2,Colidiu com Alvo
294,1,17:16:25,1,6,1,2,Criou Alvo
295,1,17:16:27,1,6,1,0,Desviou de Alvo
296,1,17:16:28,1,6,1,1,Criou Alvo
297,1,17:16:29,1,6,1,1,Colidiu com Alvo
298,1,17:16:30,1,6,1,0,Criou Alvo
299,1,17:16:31,1,6,2,1,Trocou de Pista
300,1,17:16:31,1,6,1,2,Colidiu com Alvo
301,1,17:16:32,1,6,2,1,Criou Alvo
302,1,17:16:33,1,6,1,1,Desviou de Alvo
303,1,17:16:34,1,6,2,2,Criou Alvo
304,1,17:16:34,1,6,1,2,Trocou de Pista
305,1,17:16:35,1,6,1,0,Desviou de Alvo
306,1,17:16:35,1,6,2,1,Trocou de Pista
307,1,17:16:36,1,6,2,1,Criou Alvo
308,1,17:16:37,1,6,1,1,Desviou de Alvo
309,1,17:16:38,1,6,2,0,Criou Alvo
310,1,17:16:38,1,6,1,2,Trocou de Pista
311,1,17:16:39,1,6,0,1,Trocou de Pista
312,1,17:16:39,1,6,1,0,Trocou de Pista
313,1,17:16:39,1,6,1,2,Desviou de Alvo
314,1,17:16:40,1,6,1,1,Criou Alvo
315,1,17:16:41,1,6,1,1,Colidiu com Alvo
316,1,17:16:42,1,6,1,2,Criou Alvo
317,1,17:16:42,1,6,0,1,Trocou de Pista
318,1,17:16:43,1,6,1,0,Colidiu com Alvo
319,1,17:16:44,1,6,0,0,Criou Alvo
320,1,17:16:44,1,6,1,0,Trocou de Pista
321,1,17:16:45,1,6,1,1,Colidiu com Alvo
322,1,17:16:46,1,6,1,1,Criou Alvo
323,1,17:16:46,1,6,2,1,Trocou de Pista
324,1,17:16:47,1,6,1,2,Colidiu com Alvo
325,1,17:16:48,1,6,2,0,Criou Alvo
326,1,17:16:48,1,6,1,2,Trocou de Pista
327,1,17:16:49,1,6,0,1,Trocou de Pista
328,1,17:16:49,1,6,1,0,Colidiu com Alvo
329,1,17:16:50,1,6,0,1,Criou Alvo
330,1,17:16:51,1,6,1,0,Trocou de Pista
331,1,17:16:51,1,6,1,1,Colidiu com Alvo
332,1,17:16:52,1,6,1,0,Criou Alvo
333,1,17:16:54,1,6,1,0,Desviou de Alvo
334,1,17:17:36,1,6,1,2,Criou Alvo
335,1,17:17:38,1,6,1,0,Criou Alvo
336,1,17:17:39,1,6,2,1,Trocou de Pista
337,1,17:17:40,1,6,2,1,Criou Alvo
338,1,17:17:41,1,6,1,2,Colidiu com Alvo
339,1,17:17:42,1,6,2,2,Criou Alvo
340,1,17:17:43,1,6,1,2,Trocou de Pista
341,1,17:17:44,1,6,1,0,Colidiu com Alvo
342,1,17:17:44,1,6,0,1,Trocou de Pista
343,1,17:17:44,1,6,0,1,Criou Alvo
344,1,17:17:45,1,6,1,0,Trocou de Pista
345,1,17:17:46,1,6,1,1,Colidiu com Alvo
346,1,17:17:46,1,6,1,0,Criou Alvo
347,1,17:17:48,1,6,1,2,Desviou de Alvo
348,1,17:17:48,1,6,1,1,Criou Alvo
349,1,17:17:50,1,6,1,1,Colidiu com Alvo
350,1,17:17:50,1,6,1,2,Criou Alvo
351,1,17:17:52,1,6,1,0,Desviou de Alvo
352,1,17:17:52,1,6,1,1,Criou Alvo
353,1,17:17:54,1,6,1,1,Colidiu com Alvo
354,1,17:17:54,1,6,1,0,Criou Alvo
355,1,17:17:56,1,6,1,2,Desviou de Alvo
356,1,17:17:56,1,6,1,2,Criou Alvo
357,1,17:17:58,1,6,1,1,Colidiu com Alvo
358,1,17:17:58,1,6,1,1,Criou Alvo
359,1,17:18:00,1,6,1,0,Desviou de Alvo
360,1,17:18:01,1,6,1,0,Criou Alvo
361,1,17:18:02,1,6,1,2,Desviou de Alvo
362,1,17:18:03,1,6,1,2,Criou Alvo
363,1,17:18:04,1,6,1,1,Colidiu com Alvo
364,1,17:18:05,1,6,1,0,Criou Alvo
365,1,17:18:06,1,6,1,0,Desviou de Alvo
366,1,17:18:07,1,6,1,2,Criou Alvo
367,1,17:18:08,1,6,1,2,Desviou de Alvo
368,1,17:18:09,1,6,1,1,Criou Alvo
369,1,17:18:10,1,6,1,0,Desviou de Alvo
370,1,17:18:11,1,6,1,0,Criou Alvo
371,1,17:18:12,1,6,1,2,Desviou de Alvo
372,1,17:18:13,1,6,1,1,Criou Alvo
373,1,17:18:51,1,6,1,1,Criou Alvo
374,1,17:18:53,1,6,1,2,Criou Alvo
375,1,17:18:55,1,6,1,1,Criou Alvo
376,1,17:18:57,1,6,1,2,Criou Alvo
377,1,17:18:59,1,6,1,1,Criou Alvo
378,1,17:24:29,1,6,1,2,Criou Alvo
379,1,17:24:31,1,6,1,0,Criou Alvo
380,1,17:24:33,1,6,1,1,Criou Alvo
381,1,17:24:35,1,6,2,1,Trocou de Pista
382,1,17:24:35,1,6,2,0,Criou Alvo
383,1,17:24:37,1,6,2,1,Criou Alvo
384,1,17:24:39,1,6,2,0,Criou Alvo
385,1,17:24:41,1,6,1,2,Desviou de Alvo
386,1,17:24:41,1,6,2,2,Criou Alvo
387,1,17:24:41,1,6,1,2,Trocou de Pista
388,1,17:24:42,1,6,0,1,Trocou de Pista
389,1,17:24:43,1,6,1,0,Desviou de Alvo
390,1,17:24:43,1,6,0,1,Criou Alvo
391,1,17:24:44,1,6,1,0,Trocou de Pista
392,1,17:24:45,1,6,1,1,Desviou de Alvo
393,1,17:24:45,1,6,1,0,Criou Alvo
394,1,17:24:47,1,6,1,0,Desviou de Alvo
395,1,17:24:47,1,6,1,2,Criou Alvo
396,1,17:24:49,1,6,1,0,Criou Alvo
397,1,17:24:49,1,6,1,1,Desviou de Alvo
398,1,17:24:52,1,6,1,2,Criou Alvo
399,1,17:24:52,1,6,1,0,Desviou de Alvo
400,1,17:25:54,1,6,1,2,Criou Alvo
401,1,17:25:56,1,6,1,0,Criou Alvo
402,1,17:25:58,1,6,2,1,Trocou de Pista
403,1,17:25:58,1,6,2,2,Criou Alvo
404,1,17:25:59,1,6,1,2,Colidiu com Alvo
405,1,17:26:00,1,6,1,2,Trocou de Pista
406,1,17:26:00,1,6,1,1,Criou Alvo
407,1,17:26:00,1,6,0,1,Trocou de Pista
408,1,17:26:01,1,6,1,0,Desviou de Alvo
409,1,17:26:02,1,6,0,2,Criou Alvo
410,1,17:26:02,1,6,1,0,Trocou de Pista
411,1,17:26:02,1,6,2,1,Trocou de Pista
412,1,17:26:03,1,6,1,2,Colidiu com Alvo
413,1,17:26:04,1,6,2,1,Criou Alvo
414,1,17:26:04,1,6,1,2,Trocou de Pista
415,1,17:26:05,1,6,1,1,Colidiu com Alvo
416,1,17:26:06,1,6,1,0,Criou Alvo
417,1,17:26:06,1,6,2,1,Trocou de Pista
418,1,17:26:07,1,6,1,2,Colidiu com Alvo
419,1,17:26:08,1,6,2,1,Criou Alvo
420,1,17:26:08,1,6,1,2,Trocou de Pista
421,1,17:26:09,1,6,1,1,Colidiu com Alvo
422,1,17:26:10,1,6,0,1,Trocou de Pista
423,1,17:26:10,1,6,0,2,Criou Alvo
424,1,17:26:11,1,6,1,0,Colidiu com Alvo
425,1,17:26:12,1,6,1,0,Trocou de Pista
426,1,17:26:12,1,6,1,0,Criou Alvo
427,1,17:26:13,1,6,1,1,Colidiu com Alvo
428,1,17:26:14,1,6,2,1,Trocou de Pista
429,1,17:26:14,1,6,2,2,Criou Alvo
430,1,17:26:15,1,6,1,2,Colidiu com Alvo
431,1,17:26:16,1,6,1,2,Trocou de Pista
432,1,17:26:16,1,6,1,0,Criou Alvo
433,1,17:26:16,1,6,0,1,Trocou de Pista
434,1,17:26:17,1,6,1,0,Colidiu com Alvo
435,1,17:26:18,1,6,1,0,Trocou de Pista
436,1,17:26:18,1,6,1,1,Criou Alvo
437,1,17:26:18,1,6,2,1,Trocou de Pista
438,1,17:26:19,1,6,1,2,Colidiu com Alvo
439,1,17:26:20,1,6,1,2,Trocou de Pista
440,1,17:26:20,1,6,1,0,Criou Alvo
441,1,17:26:20,1,6,0,1,Trocou de Pista
442,1,17:26:21,1,6,1,0,Colidiu com Alvo
443,1,17:26:22,1,6,1,0,Trocou de Pista
444,1,17:26:22,1,6,1,1,Criou Alvo
445,1,17:26:23,1,6,1,1,Colidiu com Alvo
446,1,17:26:24,1,6,1,0,Criou Alvo
447,1,17:26:24,1,6,0,1,Trocou de Pista
448,1,17:26:25,1,6,1,0,Colidiu com Alvo
449,1,17:26:26,1,6,0,1,Criou Alvo
450,1,17:26:27,1,6,1,0,Trocou de Pista
451,1,17:26:27,1,6,1,1,Colidiu com Alvo
452,1,17:26:28,1,6,1,0,Criou Alvo
453,1,17:26:31,1,6,1,2,Criou Alvo
454,1,17:26:31,1,6,1,0,Colidiu com Alvo
455,1,17:26:33,1,6,1,0,Criou Alvo
456,1,17:26:34,1,6,1,1,Colidiu com Alvo
457,1,17:26:35,1,6,1,1,Criou Alvo
458,1,17:26:35,1,6,0,1,Trocou de Pista
459,1,17:26:36,1,6,1,0,Colidiu com Alvo
460,1,17:26:36,1,6,1,0,Trocou de Pista
461,1,17:26:36,1,6,1,2,Desviou de Alvo
462,1,17:26:37,1,6,1,0,Criou Alvo
463,1,17:26:37,1,6,2,1,Trocou de Pista
464,1,17:26:38,1,6,-1,2,Saiu da area do jogo
465,1,17:26:41,1,6,0,2,Criou Alvo
466,1,17:26:41,1,6,1,0,Trocou de Pista
467,1,17:26:41,1,6,1,0,Colidiu com Alvo
468,1,17:26:43,1,6,1,1,Criou Alvo
469,1,17:26:43,1,6,1,1,Colidiu com Alvo
470,1,17:26:44,1,6,0,1,Trocou de Pista
471,1,17:26:45,1,6,0,0,Criou Alvo
472,1,17:26:45,1,6,1,0,Colidiu com Alvo
473,1,17:26:45,1,6,1,0,Trocou de Pista
474,1,17:26:46,1,6,2,1,Trocou de Pista
475,1,17:26:46,1,6,1,2,Colidiu com Alvo
476,1,17:26:47,1,6,1,2,Trocou de Pista
477,1,17:26:47,1,6,1,2,Criou Alvo
478,1,17:26:48,1,6,1,1,Colidiu com Alvo
479,1,17:26:49,1,6,0,1,Trocou de Pista
480,1,17:26:49,1,6,0,1,Criou Alvo
481,1,17:26:50,1,6,1,0,Trocou de Pista
482,1,17:26:50,1,6,0,1,Trocou de Pista
483,1,17:26:50,1,6,1,0,Colidiu com Alvo
484,1,17:26:51,1,6,1,0,Trocou de Pista
485,1,17:26:51,1,6,1,2,Criou Alvo
486,1,17:26:51,1,6,2,1,Trocou de Pista
487,1,17:26:52,1,6,1,2,Colidiu com Alvo
488,1,17:26:53,1,6,1,2,Trocou de Pista
489,1,17:26:53,1,6,1,0,Criou Alvo
490,1,17:26:54,1,6,1,1,Colidiu com Alvo
491,1,17:26:55,1,6,2,1,Trocou de Pista
492,1,17:26:56,1,6,1,2,Colidiu com Alvo
493,1,17:26:56,1,6,1,1,Controle Jogo: Avanca Nivel
494,1,18:34:39,1,6,1,2,Criou Alvo
495,1,18:34:41,1,6,1,1,Criou Alvo
496,1,18:34:41,1,6,2,1,Trocou de Pista
497,1,18:34:42,1,6,1,2,Trocou de Pista
498,1,18:34:43,1,6,0,1,Trocou de Pista
499,1,18:34:43,1,6,0,2,Criou Alvo
500,1,18:34:43,1,6,1,0,Trocou de Pista
501,1,18:34:44,1,6,2,1,Trocou de Pista
502,1,18:34:44,1,6,1,2,Colidiu com Alvo
503,1,18:34:45,1,6,2,1,Criou Alvo
504,1,18:34:45,1,6,1,2,Trocou de Pista
505,1,18:34:46,1,6,1,1,Colidiu com Alvo
506,1,18:34:47,1,6,1,2,Criou Alvo
507,1,18:34:47,1,6,2,1,Trocou de Pista
508,1,18:34:48,1,6,1,2,Colidiu com Alvo
509,1,18:34:49,1,6,2,0,Criou Alvo
510,1,18:34:49,1,6,1,2,Trocou de Pista
511,1,18:34:50,1,6,1,1,Colidiu com Alvo
512,1,18:34:51,1,6,1,2,Criou Alvo
513,1,18:34:51,1,6,2,1,Trocou de Pista
514,1,18:34:52,1,6,1,2,Colidiu com Alvo
515,1,18:34:53,1,6,1,2,Trocou de Pista
516,1,18:34:53,1,6,1,0,Criou Alvo
517,1,18:34:53,1,6,0,1,Trocou de Pista
518,1,18:34:54,1,6,1,0,Colidiu com Alvo
519,1,18:34:55,1,6,0,2,Criou Alvo
520,1,18:34:55,1,6,1,0,Trocou de Pista
521,1,18:34:55,1,6,2,1,Trocou de Pista
522,1,18:34:56,1,6,1,2,Colidiu com Alvo
523,1,18:34:57,1,6,2,0,Criou Alvo
524,1,18:34:57,1,6,1,2,Trocou de Pista
525,1,18:34:58,1,6,0,1,Trocou de Pista
526,1,18:34:58,1,6,1,0,Colidiu com Alvo
527,1,18:34:59,1,6,1,0,Trocou de Pista
528,1,18:34:59,1,6,1,1,Criou Alvo
529,1,18:35:00,1,6,2,1,Trocou de Pista
530,1,18:35:00,1,6,1,2,Colidiu com Alvo
531,1,18:35:01,1,6,1,2,Trocou de Pista
532,1,18:35:01,1,6,1,2,Criou Alvo
533,1,18:35:02,1,6,0,1,Trocou de Pista
534,1,18:35:02,1,6,1,0,Colidiu com Alvo
535,1,18:35:03,1,6,1,0,Trocou de Pista
536,1,18:35:03,1,6,1,1,Criou Alvo
537,1,18:35:04,1,6,1,1,Colidiu com Alvo
538,1,18:35:05,1,6,1,0,Criou Alvo
539,1,18:35:05,1,6,2,1,Trocou de Pista
540,1,18:35:06,1,6,1,2,Colidiu com Alvo
541,1,18:35:07,1,6,1,2,Trocou de Pista
542,1,18:35:07,1,6,1,1,Criou Alvo
543,1,18:35:08,1,6,1,1,Colidiu com Alvo
544,1,18:35:09,1,6,1,2,Criou Alvo
545,1,18:35:09,1,6,0,1,Trocou de Pista
546,1,18:35:10,1,6,1,0,Colidiu com Alvo
547,1,18:35:11,1,6,0,1,Criou Alvo
548,1,18:35:11,1,6,1,0,Trocou de Pista
549,1,18:35:12,1,6,1,1,Colidiu com Alvo
550,1,18:35:13,1,6,1,0,Criou Alvo
551,1,18:35:13,1,6,2,1,Trocou de Pista
552,1,18:35:14,1,6,1,2,Colidiu com Alvo
553,1,18:35:15,1,6,1,2,Trocou de Pista
554,1,18:35:15,1,6,1,2,Criou Alvo
555,1,18:35:16,1,6,1,1,Colidiu com Alvo
556,1,18:35:17,1,6,1,1,Criou Alvo
557,1,18:35:17,1,6,0,1,Trocou de Pista
558,1,18:35:18,1,6,1,0,Colidiu com Alvo
559,1,18:35:19,1,6,1,0,Trocou de Pista
560,1,18:35:19,1,6,1,2,Criou Alvo
561,1,18:35:20,1,6,2,1,Trocou de Pista
562,1,18:35:20,1,6,1,2,Colidiu com Alvo
563,1,18:35:21,1,6,1,2,Trocou de Pista
564,1,18:35:21,1,6,1,0,Criou Alvo
565,1,18:35:22,1,6,1,1,Colidiu com Alvo
566,1,18:35:23,1,6,2,1,Trocou de Pista
567,1,18:35:23,1,6,2,2,Criou Alvo
568,1,18:35:24,1,6,1,2,Colidiu com Alvo
569,1,18:35:25,1,6,1,2,Trocou de Pista
570,1,18:35:25,1,6,1,0,Criou Alvo
571,1,18:35:26,1,6,0,1,Trocou de Pista
572,1,18:35:27,1,6,1,0,Colidiu com Alvo
573,1,18:35:27,1,6,1,0,Trocou de Pista
574,1,18:35:27,1,6,1,1,Criou Alvo
575,1,18:35:28,1,6,2,1,Trocou de Pista
576,1,18:35:29,1,6,1,2,Colidiu com Alvo
577,1,18:35:29,1,6,1,2,Trocou de Pista
578,1,18:35:29,1,6,1,2,Criou Alvo
579,1,18:35:30,1,6,0,1,Trocou de Pista
580,1,18:35:31,1,6,1,0,Colidiu com Alvo
581,1,18:35:31,1,6,1,0,Trocou de Pista
582,1,18:35:31,1,6,1,0,Criou Alvo
583,1,18:35:33,1,6,1,1,Colidiu com Alvo
584,1,18:35:33,1,6,2,1,Trocou de Pista
585,1,18:35:34,1,6,2,1,Criou Alvo
586,1,18:35:35,1,6,1,2,Colidiu com Alvo
587,1,18:35:35,1,6,1,2,Trocou de Pista
588,1,18:35:36,1,6,1,2,Criou Alvo
589,1,18:35:36,1,6,0,1,Trocou de Pista
590,1,18:35:37,1,6,1,0,Colidiu com Alvo
591,1,18:35:37,1,6,1,0,Trocou de Pista
592,1,18:35:38,1,6,1,1,Controle Jogo: Avanca Nivel
593,1,18:39:01,1,6,1,1,Criou Alvo
594,1,18:39:03,1,6,1,0,Criou Alvo
595,1,18:39:03,1,6,2,1,Trocou de Pista
596,1,18:39:04,1,6,1,2,Trocou de Pista
597,1,18:39:05,1,6,1,2,Criou Alvo
598,1,18:39:06,1,6,1,1,Colidiu com Alvo
599,1,18:39:07,1,6,0,1,Trocou de Pista
600,1,18:39:07,1,6,0,0,Criou Alvo
601,1,18:39:08,1,6,1,0,Colidiu com Alvo
602,1,18:39:09,1,6,1,0,Trocou de Pista
603,1,18:39:09,1,6,1,1,Criou Alvo
604,1,18:39:09,1,6,2,1,Trocou de Pista
605,1,18:39:10,1,6,1,2,Colidiu com Alvo
606,1,18:39:11,1,6,1,2,Trocou de Pista
607,1,18:39:11,1,6,1,0,Criou Alvo
608,1,18:39:11,1,6,0,1,Trocou de Pista
609,1,18:39:12,1,6,1,0,Colidiu com Alvo
610,1,18:39:13,1,6,1,0,Trocou de Pista
611,1,18:39:13,1,6,1,2,Criou Alvo
612,1,18:39:14,1,6,1,1,Colidiu com Alvo
613,1,18:39:15,1,6,1,1,Criou Alvo
614,1,18:39:15,1,6,0,1,Trocou de Pista
615,1,18:39:16,1,6,1,0,Colidiu com Alvo
616,1,18:39:17,1,6,1,0,Trocou de Pista
617,1,18:39:17,1,6,1,2,Criou Alvo
618,1,18:39:17,1,6,2,1,Trocou de Pista
619,1,18:39:18,1,6,1,2,Colidiu com Alvo
620,1,18:39:19,1,6,2,1,Criou Alvo
621,1,18:39:19,1,6,1,2,Trocou de Pista
622,1,18:39:20,1,6,1,1,Colidiu com Alvo
623,1,18:39:21,1,6,1,0,Criou Alvo
624,1,18:39:21,1,6,2,1,Trocou de Pista
625,1,18:39:22,1,6,1,2,Colidiu com Alvo
626,1,18:39:23,1,6,1,2,Trocou de Pista
627,1,18:39:23,1,6,1,2,Criou Alvo
628,1,18:39:24,1,6,1,1,Colidiu com Alvo
629,1,18:39:25,1,6,1,0,Criou Alvo
630,1,18:39:25,1,6,0,1,Trocou de Pista
631,1,18:39:26,1,6,1,0,Colidiu com Alvo
632,1,18:39:27,1,6,1,0,Trocou de Pista
633,1,18:39:27,1,6,1,2,Criou Alvo
634,1,18:39:28,1,6,2,1,Trocou de Pista
635,1,18:39:28,1,6,1,2,Colidiu com Alvo
636,1,18:39:29,1,6,1,2,Trocou de Pista
637,1,18:39:30,1,6,0,1,Trocou de Pista
638,1,18:39:30,1,6,1,0,Colidiu com Alvo
639,1,18:39:31,1,6,1,1,Controle Jogo: Avanca Nivel
640,1,18:42:34,1,6,1,2,Criou Alvo
641,1,18:42:36,1,6,1,0,Criou Alvo
642,1,18:42:36,1,6,2,1,Trocou de Pista
643,1,18:42:38,1,6,2,2,Criou Alvo
644,1,18:42:39,1,6,1,2,Colidiu com Alvo
645,1,18:42:39,1,6,1,2,Trocou de Pista
646,1,18:42:40,1,6,0,1,Trocou de Pista
647,1,18:42:40,1,6,0,1,Criou Alvo
648,1,18:42:41,1,6,1,0,Colidiu com Alvo
649,1,18:42:41,1,6,1,0,Trocou de Pista
650,1,18:42:42,1,6,1,0,Criou Alvo
651,1,18:42:42,1,6,2,1,Trocou de Pista
652,1,18:42:43,1,6,1,2,Colidiu com Alvo
653,1,18:42:44,1,6,1,2,Trocou de Pista
654,1,18:42:44,1,6,1,1,Criou Alvo
655,1,18:42:45,1,6,1,1,Colidiu com Alvo
656,1,18:42:46,1,6,1,0,Criou Alvo
657,1,18:42:46,1,6,0,1,Trocou de Pista
658,1,18:42:47,1,6,1,0,Colidiu com Alvo
659,1,18:42:48,1,6,1,0,Trocou de Pista
660,1,18:42:48,1,6,1,1,Criou Alvo
661,1,18:42:49,1,6,1,1,Colidiu com Alvo
662,1,18:42:50,1,6,0,1,Trocou de Pista
663,1,18:42:50,1,6,0,2,Criou Alvo
664,1,18:42:51,1,6,1,0,Colidiu com Alvo
665,1,18:42:52,1,6,1,0,Trocou de Pista
666,1,18:42:52,1,6,1,1,Criou Alvo
667,1,18:42:53,1,6,1,1,Colidiu com Alvo
668,1,18:42:54,1,6,2,1,Trocou de Pista
669,1,18:42:54,1,6,2,2,Criou Alvo
670,1,18:42:55,1,6,1,2,Colidiu com Alvo
671,1,18:42:56,1,6,1,2,Trocou de Pista
672,1,18:42:56,1,6,1,1,Criou Alvo
673,1,18:42:57,1,6,1,1,Colidiu com Alvo
674,1,18:42:58,1,6,1,2,Criou Alvo
675,1,18:42:58,1,6,2,1,Trocou de Pista
676,1,18:42:59,1,6,1,2,Colidiu com Alvo
677,1,18:43:00,1,6,1,2,Trocou de Pista
678,1,18:43:00,1,6,1,0,Criou Alvo
679,1,18:43:01,1,6,1,1,Colidiu com Alvo
680,1,18:43:02,1,6,2,1,Trocou de Pista
681,1,18:43:03,1,6,1,2,Colidiu com Alvo
682,1,18:43:04,1,6,1,1,Controle Jogo: Avanca Nivel
683,1,18:48:04,1,6,1,1,Criou Alvo
684,1,18:48:06,1,6,1,0,Criou Alvo
685,1,18:48:08,1,6,1,2,Criou Alvo
686,1,18:48:09,1,6,1,1,Colidiu com Alvo
687,1,18:48:10,1,6,1,1,Criou Alvo
688,1,18:48:10,1,6,0,1,Trocou de Pista
689,1,18:48:11,1,6,1,0,Colidiu com Alvo
690,1,18:48:12,1,6,1,0,Trocou de Pista
691,1,18:48:12,1,6,1,0,Criou Alvo
692,1,18:48:12,1,6,2,1,Trocou de Pista
693,1,18:48:14,1,6,1,2,Colidiu com Alvo
694,1,18:48:14,1,6,1,2,Trocou de Pista
695,1,18:48:14,1,6,1,2,Criou Alvo
696,1,18:48:16,1,6,1,1,Colidiu com Alvo
697,1,18:48:16,1,6,1,0,Criou Alvo
698,1,18:48:17,1,6,0,1,Trocou de Pista
699,1,18:48:18,1,6,1,0,Colidiu com Alvo
700,1,18:48:18,1,6,1,0,Trocou de Pista
701,1,18:48:18,1,6,1,1,Criou Alvo
702,1,18:48:19,1,6,2,1,Trocou de Pista
703,1,18:48:20,1,6,1,2,Colidiu com Alvo
704,1,18:48:20,1,6,2,0,Criou Alvo
705,1,18:48:20,1,6,1,2,Trocou de Pista
706,1,18:48:21,1,6,0,1,Trocou de Pista
707,1,18:48:22,1,6,1,0,Colidiu com Alvo
708,1,18:48:22,1,6,1,0,Trocou de Pista
709,1,18:48:23,1,6,1,2,Criou Alvo
710,1,18:48:24,1,6,1,1,Colidiu com Alvo
711,1,18:48:25,1,6,1,0,Criou Alvo
712,1,18:48:25,1,6,0,1,Trocou de Pista
713,1,18:48:26,1,6,1,0,Colidiu com Alvo
714,1,18:48:26,1,6,1,0,Trocou de Pista
715,1,18:48:27,1,6,1,1,Criou Alvo
716,1,18:48:27,1,6,2,1,Trocou de Pista
717,1,18:48:28,1,6,1,2,Colidiu com Alvo
718,1,18:48:28,1,6,1,2,Trocou de Pista
719,1,18:48:29,1,6,1,0,Criou Alvo
720,1,18:48:29,1,6,0,1,Trocou de Pista
721,1,18:48:30,1,6,1,0,Colidiu com Alvo
722,1,18:48:31,1,6,1,0,Trocou de Pista
723,1,18:48:31,1,6,1,1,Criou Alvo
724,1,18:48:32,1,6,1,1,Colidiu com Alvo
725,1,18:48:33,1,6,0,1,Trocou de Pista
726,1,18:48:34,1,6,1,0,Colidiu com Alvo
727,1,18:48:34,1,6,1,1,Controle Jogo: Avanca Nivel
728,1,18:55:35,1,6,1,0,Criou Alvo
729,1,18:55:36,1,6,2,1,Trocou de Pista
730,1,18:55:37,1,6,2,2,Criou Alvo
731,1,18:55:37,1,6,1,2,Trocou de Pista
732,1,18:55:37,1,6,0,1,Trocou de Pista
733,1,18:55:39,1,6,0,0,Criou Alvo
734,1,18:55:40,1,6,1,0,Colidiu com Alvo
735,1,18:55:41,1,6,1,0,Trocou de Pista
736,1,18:55:41,1,6,1,1,Criou Alvo
737,1,18:55:41,1,6,2,1,Trocou de Pista
738,1,18:55:42,1,6,1,2,Colidiu com Alvo
739,1,18:55:42,1,6,1,2,Trocou de Pista
740,1,18:55:43,1,6,1,2,Criou Alvo
741,1,18:55:43,1,6,0,1,Trocou de Pista
742,1,18:55:44,1,6,1,0,Colidiu com Alvo
743,1,18:55:45,1,6,1,0,Trocou de Pista
744,1,18:55:45,1,6,1,1,Criou Alvo
745,1,18:55:46,1,6,1,1,Colidiu com Alvo
746,1,18:55:47,1,6,1,0,Criou Alvo
747,1,18:55:47,1,6,2,1,Trocou de Pista
748,1,18:55:48,1,6,1,2,Colidiu com Alvo
749,1,18:55:49,1,6,1,2,Trocou de Pista
750,1,18:55:49,1,6,1,1,Criou Alvo
751,1,18:55:50,1,6,1,1,Colidiu com Alvo
752,1,18:55:51,1,6,1,0,Criou Alvo
753,1,18:55:51,1,6,0,1,Trocou de Pista
754,1,18:55:52,1,6,1,0,Colidiu com Alvo
755,1,18:55:53,1,6,1,0,Trocou de Pista
756,1,18:55:53,1,6,1,2,Criou Alvo
757,1,18:55:54,1,6,1,1,Colidiu com Alvo
758,1,18:55:55,1,6,1,0,Criou Alvo
759,1,18:55:55,1,6,0,1,Trocou de Pista
760,1,18:55:56,1,6,1,0,Colidiu com Alvo
761,1,18:55:57,1,6,1,0,Trocou de Pista
762,1,18:55:57,1,6,1,1,Criou Alvo
763,1,18:55:57,1,6,2,1,Trocou de Pista
764,1,18:55:58,1,6,1,2,Colidiu com Alvo
765,1,18:55:59,1,6,1,2,Trocou de Pista
766,1,18:55:59,1,6,1,2,Criou Alvo
767,1,18:55:59,1,6,0,1,Trocou de Pista
768,1,18:56:00,1,6,1,0,Colidiu com Alvo
769,1,18:56:01,1,6,0,1,Criou Alvo
770,1,18:56:01,1,6,1,0,Trocou de Pista
771,1,18:56:02,1,6,1,1,Colidiu com Alvo
772,1,18:56:03,1,6,2,1,Trocou de Pista
773,1,18:56:04,1,6,1,2,Colidiu com Alvo
774,1,18:56:05,1,6,1,1,Controle Jogo: Avanca Nivel
775,1,15:25:38,1,6,1,0,Criou Alvo
776,1,15:25:40,1,6,1,2,Criou Alvo
777,1,15:25:42,1,6,1,1,Criou Alvo
778,1,15:25:43,1,6,1,0,Desviou de Alvo
779,1,15:25:44,1,6,1,0,Criou Alvo
780,1,15:25:44,1,6,2,1,Trocou de Pista
781,1,15:25:45,1,6,1,2,Colidiu com Alvo
782,1,15:25:46,1,6,1,2,Trocou de Pista
783,1,15:25:46,1,6,1,2,Criou Alvo
784,1,15:25:47,1,6,1,1,Colidiu com Alvo
785,1,15:25:48,1,6,1,1,Criou Alvo
786,1,15:25:48,1,6,0,1,Trocou de Pista
787,1,15:25:49,1,6,1,0,Colidiu com Alvo
788,1,15:25:50,1,6,1,0,Trocou de Pista
789,1,15:25:50,1,6,1,2,Criou Alvo
790,1,15:25:50,1,6,2,1,Trocou de Pista
791,1,15:25:51,1,6,1,2,Colidiu com Alvo
792,1,15:25:52,1,6,2,0,Criou Alvo
793,1,15:25:53,1,6,1,1,Desviou de Alvo
794,1,15:25:54,1,6,2,1,Criou Alvo
795,1,15:25:55,1,6,1,2,Colidiu com Alvo
796,1,15:25:56,1,6,1,2,Trocou de Pista
797,1,15:25:56,1,6,1,0,Criou Alvo
798,1,15:25:56,1,6,0,1,Trocou de Pista
799,1,15:25:57,1,6,1,0,Colidiu com Alvo
800,1,15:25:58,1,6,1,0,Trocou de Pista
801,1,15:25:58,1,6,1,2,Criou Alvo
802,1,15:25:59,1,6,1,1,Colidiu com Alvo
803,1,15:26:00,1,6,1,1,Criou Alvo
804,1,15:26:00,1,6,0,1,Trocou de Pista
805,1,15:26:02,1,6,1,0,Colidiu com Alvo
806,1,15:26:02,1,6,0,2,Criou Alvo
807,1,15:26:02,1,6,1,0,Trocou de Pista
808,1,15:26:03,1,6,2,1,Trocou de Pista
809,1,15:26:04,1,6,1,2,Colidiu com Alvo
810,1,15:26:04,1,6,2,0,Criou Alvo
811,1,15:26:05,1,6,1,2,Trocou de Pista
812,1,15:26:06,1,6,1,1,Colidiu com Alvo
813,1,15:26:08,1,6,1,1,Controle Jogo: Permanece Nivel
814,1,14:49:47,1,6,1,0,Criou Alvo
815,1,14:49:49,1,6,2,1,Trocou de Pista
816,1,14:49:49,1,6,2,2,Criou Alvo
817,1,14:49:50,1,6,1,2,Trocou de Pista
818,1,14:49:50,1,6,0,1,Trocou de Pista
819,1,14:49:51,1,6,0,1,Criou Alvo
820,1,14:49:53,1,6,1,0,Colidiu com Alvo
821,1,14:49:53,1,6,0,0,Criou Alvo
822,1,14:49:54,1,6,1,0,Trocou de Pista
823,1,14:49:54,1,6,2,1,Trocou de Pista
824,1,14:49:55,1,6,1,2,Colidiu com Alvo
825,1,14:49:55,1,6,2,2,Criou Alvo
826,1,14:49:56,1,6,1,2,Trocou de Pista
827,1,14:49:57,1,6,1,1,Colidiu com Alvo
828,1,14:49:57,1,6,1,1,Criou Alvo
829,1,14:49:58,1,6,0,1,Trocou de Pista
830,1,14:49:59,1,6,1,0,Colidiu com Alvo
831,1,14:49:59,1,6,0,0,Criou Alvo
832,1,14:49:59,1,6,1,0,Trocou de Pista
833,1,14:50:00,1,6,2,1,Trocou de Pista
834,1,14:50:01,1,6,1,2,Colidiu com Alvo
835,1,14:50:01,1,6,2,1,Criou Alvo
836,1,14:50:02,1,6,1,2,Trocou de Pista
837,1,14:50:03,1,6,1,1,Colidiu com Alvo
838,1,14:50:03,1,6,1,2,Criou Alvo
839,1,14:50:04,1,6,0,1,Trocou de Pista
840,1,14:50:05,1,6,1,0,Colidiu com Alvo
841,1,14:50:06,1,6,0,0,Criou Alvo
842,1,14:50:06,1,6,1,0,Trocou de Pista
843,1,14:50:07,1,6,1,1,Colidiu com Alvo
844,1,14:50:08,1,6,1,2,Criou Alvo
845,1,14:50:08,1,6,2,1,Trocou de Pista
846,1,14:50:09,1,6,1,2,Colidiu com Alvo
847,1,14:50:10,1,6,1,2,Trocou de Pista
848,1,14:50:10,1,6,1,0,Criou Alvo
849,1,14:50:10,1,6,0,1,Trocou de Pista
850,1,14:50:11,1,6,1,0,Colidiu com Alvo
851,1,14:50:12,1,6,0,2,Criou Alvo
852,1,14:50:12,1,6,1,0,Trocou de Pista
853,1,14:50:12,1,6,2,1,Trocou de Pista
854,1,14:50:13,1,6,1,2,Colidiu com Alvo
855,1,14:50:14,1,6,2,1,Criou Alvo
856,1,14:50:14,1,6,1,2,Trocou de Pista
857,1,14:50:14,1,6,0,1,Trocou de Pista
858,1,14:50:15,1,6,1,0,Colidiu com Alvo
859,1,14:50:16,1,6,1,0,Trocou de Pista
860,1,14:50:16,1,6,2,1,Trocou de Pista
861,1,14:50:17,1,6,1,1,Controle Jogo: Avanca Nivel
862,10,14:51:20,2,1,2,1,Criou Alvo
863,10,14:51:20,2,1,1,2,Trocou de Pista
864,10,14:51:28,2,1,1,0,Criou Alvo
865,10,14:51:36,2,1,1,1,Criou Alvo
866,10,14:51:36,2,1,1,1,Colidiu com Alvo
867,10,14:51:38,2,1,0,1,Trocou de Pista
868,10,14:51:44,2,1,1,0,Colidiu com Alvo
869,10,14:51:47,2,1,1,0,Trocou de Pista
870,10,14:51:50,2,1,1,1,Controle Jogo: Permanece Nivel
871,1,14:57:07,1,1,1,1,Criou Alvo
872,1,14:57:07,1,1,0,1,Trocou de Pista
873,1,14:57:08,1,1,1,0,Trocou de Pista
874,1,14:57:09,1,1,2,1,Trocou de Pista
875,1,14:57:10,1,1,1,2,Trocou de Pista
876,1,14:57:10,1,1,0,1,Trocou de Pista
877,1,14:57:10,1,1,-1,0,Saiu da area do jogo
878,1,14:57:14,1,1,1,0,Trocou de Pista
879,1,14:57:15,1,1,1,0,Criou Alvo
880,1,14:57:23,1,1,1,1,Criou Alvo
881,1,14:57:27,1,1,1,1,Colidiu com Alvo
882,1,14:57:28,1,1,0,1,Trocou de Pista
883,1,14:57:31,1,1,0,2,Criou Alvo
884,1,14:57:31,1,1,1,0,Colidiu com Alvo
885,1,14:57:33,1,1,1,0,Trocou de Pista
886,1,14:57:39,1,1,1,1,Colidiu com Alvo
887,1,14:57:41,1,1,1,1,Controle Jogo: Avanca Nivel
888,1,15:04:15,1,1,1,0,Criou Alvo
889,1,15:04:15,1,1,0,1,Trocou de Pista
890,1,15:04:15,1,1,1,0,Trocou de Pista
891,1,15:04:23,1,1,1,1,Criou Alvo
892,1,15:04:28,1,1,0,1,Trocou de Pista
893,1,15:04:31,1,1,0,0,Criou Alvo
894,1,15:04:31,1,1,1,0,Colidiu com Alvo
895,1,15:04:32,1,1,1,0,Trocou de Pista
896,1,15:04:39,1,1,1,1,Colidiu com Alvo
897,1,15:04:42,1,1,0,1,Trocou de Pista
898,1,15:04:45,1,1,1,1,Controle Jogo: Avanca Nivel
899,1,15:12:30,1,1,1,0,Criou Alvo
900,1,15:12:30,1,1,0,1,Trocou de Pista
901,1,15:12:31,1,1,1,0,Trocou de Pista
902,1,15:12:38,1,1,1,1,Criou Alvo
903,1,15:12:41,1,1,0,1,Trocou de Pista
904,1,15:12:42,1,1,1,0,Trocou de Pista
905,1,15:12:44,1,1,0,1,Trocou de Pista
906,1,15:12:46,1,1,1,0,Colidiu com Alvo
907,1,15:12:46,1,1,0,2,Criou Alvo
908,1,15:12:47,1,1,1,0,Trocou de Pista
909,1,15:12:54,1,1,1,1,Colidiu com Alvo
910,1,15:12:57,1,1,2,1,Trocou de Pista
911,1,15:13:00,1,1,1,1,Controle Jogo: Avanca Nivel
912,1,15:15:27,1,1,1,2,Criou Alvo
913,1,15:15:35,1,1,1,1,Criou Alvo
914,1,15:15:37,1,1,2,1,Trocou de Pista
915,1,15:15:43,1,1,1,2,Colidiu com Alvo
916,1,15:15:43,1,1,2,0,Criou Alvo
917,1,15:15:45,1,1,1,2,Trocou de Pista
918,1,15:15:51,1,1,1,1,Colidiu com Alvo
919,1,15:15:57,1,1,1,1,Controle Jogo: Permanece Nivel
920,15,15:16:37,1,1,1,2,Criou Alvo
921,15,15:16:45,1,1,1,1,Criou Alvo
922,15,15:16:51,1,1,0,1,Trocou de Pista
923,15,15:16:53,1,1,0,0,Criou Alvo
924,15,15:16:53,1,1,1,2,Desviou de Alvo
925,15,15:17:01,1,1,1,1,Desviou de Alvo
926,15,15:17:06,1,1,1,1,Controle Jogo: Retrocede Nivel
